{
  "weights": [
    1.2588021288346247,
    0.2426606111752555,
    0.4755304249809772,
    0.28116227105536024,
    -0.3011012974331893,
    0.35861595806002106,
    -0.10145323924151989,
    -0.1473137080806158,
    0.0014507360424395378,
    -0.008260061737661993,
    0.0042388014722424166,
    -0.007604919232919456
  ],
  "bias": -0.2797372827150163,
  "auc_holdout": 0.8441179774825885,
  "auc_cv_mean": 0.8449869769645948
}